{
	"BUILD_DIR" : "C:/Users/Owner/Documents/BibleAppGui/build/Desktop_Qt_6_8_3_MinGW_64_bit-Release/BibleAppGui_autogen",
	"CMAKE_BINARY_DIR" : "C:/Users/Owner/Documents/BibleAppGui/build/Desktop_Qt_6_8_3_MinGW_64_bit-Release",
	"CMAKE_CURRENT_BINARY_DIR" : "C:/Users/Owner/Documents/BibleAppGui/build/Desktop_Qt_6_8_3_MinGW_64_bit-Release",
	"CMAKE_CURRENT_SOURCE_DIR" : "C:/Users/Owner/Documents/BibleAppGui",
	"CMAKE_SOURCE_DIR" : "C:/Users/Owner/Documents/BibleAppGui",
	"CROSS_CONFIG" : false,
	"GENERATOR" : "Ninja",
	"INCLUDE_DIR" : "C:/Users/Owner/Documents/BibleAppGui/build/Desktop_Qt_6_8_3_MinGW_64_bit-Release/BibleAppGui_autogen/include",
	"INPUTS" : 
	[
		"C:/Users/Owner/Documents/BibleAppGui/images/Cross.png",
		"C:/Users/Owner/Documents/BibleAppGui/images/neverklear.jpg"
	],
	"LOCK_FILE" : "C:/Users/Owner/Documents/BibleAppGui/build/Desktop_Qt_6_8_3_MinGW_64_bit-Release/CMakeFiles/BibleAppGui_autogen.dir/AutoRcc_resources_EWIEGA46WW_Lock.lock",
	"MULTI_CONFIG" : false,
	"OPTIONS" : [ "--no-zstd", "-name", "resources" ],
	"OUTPUT_CHECKSUM" : "EWIEGA46WW",
	"OUTPUT_NAME" : "qrc_resources.cpp",
	"RCC_EXECUTABLE" : "C:/Qt/6.8.3/mingw_64/bin/rcc.exe",
	"RCC_LIST_OPTIONS" : [ "--list" ],
	"SETTINGS_FILE" : "C:/Users/Owner/Documents/BibleAppGui/build/Desktop_Qt_6_8_3_MinGW_64_bit-Release/CMakeFiles/BibleAppGui_autogen.dir/AutoRcc_resources_EWIEGA46WW_Used.txt",
	"SOURCE" : "C:/Users/Owner/Documents/BibleAppGui/resources.qrc",
	"USE_BETTER_GRAPH" : true,
	"VERBOSITY" : 0
}
